{
  "val_metrics": {
    "val_sleep_efficiency_r2": 0.8417356366537415,
    "val_sleep_efficiency_mae": 0.04339656010447582,
    "val_sleep_efficiency_rmse": 0.05016477999015584,
    "val_sleep_duration_h_r2": 0.7948642000002233,
    "val_sleep_duration_h_mae": 0.3906559788520124,
    "val_sleep_duration_h_rmse": 0.47908857925150145,
    "val_awakenings_r2": 0.42035003054965236,
    "val_awakenings_mae": 0.7847681331014664,
    "val_awakenings_rmse": 0.9079598381331173,
    "val_sleep_score_r2": 0.7143863664112486,
    "val_sleep_score_mae": 4.578408789838553,
    "val_sleep_score_rmse": 5.5050052265696765,
    "val_mean_r2": 0.6928340584037164,
    "best_params": "{'n_estimators': 300, 'max_features': 'sqrt', 'min_samples_split': 5}"
  },
  "test_metrics": {
    "test_sleep_efficiency_r2": 0.8652597158684092,
    "test_sleep_efficiency_mae": 0.04066998486670121,
    "test_sleep_efficiency_rmse": 0.0477945199507994,
    "test_sleep_duration_h_r2": 0.8228316668173534,
    "test_sleep_duration_h_mae": 0.40418277924421275,
    "test_sleep_duration_h_rmse": 0.4788789808365268,
    "test_awakenings_r2": 0.5221527910923011,
    "test_awakenings_mae": 0.6571937522970857,
    "test_awakenings_rmse": 0.789966592445355,
    "test_sleep_score_r2": 0.7396193390917047,
    "test_sleep_score_mae": 4.524424762740955,
    "test_sleep_score_rmse": 5.407041174404426,
    "test_mean_r2": 0.7374658782174421
  },
  "cv_metrics": {
    "sleep_efficiency_cv_r2_mean": 0.8350353888465051,
    "sleep_efficiency_cv_r2_std": 0.04189767942138182,
    "sleep_duration_h_cv_r2_mean": 0.769682069885716,
    "sleep_duration_h_cv_r2_std": 0.06350332916462768,
    "awakenings_cv_r2_mean": 0.5163628550307776,
    "awakenings_cv_r2_std": 0.054864794022753446,
    "sleep_score_cv_r2_mean": 0.6977581374966813,
    "sleep_score_cv_r2_std": 0.05482640905439935
  },
  "baselines": {
    "mean_baseline": {
      "test_sleep_efficiency_r2": -4.284613669791604e-05,
      "test_sleep_efficiency_mae": 0.09856229714285715,
      "test_sleep_efficiency_rmse": 0.130208302823868,
      "test_sleep_duration_h_r2": -6.522747099046988e-05,
      "test_sleep_duration_h_mae": 0.8894517333333333,
      "test_sleep_duration_h_rmse": 1.1377501176056035,
      "test_awakenings_r2": -0.014202509209510161,
      "test_awakenings_mae": 0.9967619047619048,
      "test_awakenings_rmse": 1.1508707144421324,
      "test_sleep_score_r2": -0.00019098423264751752,
      "test_sleep_score_mae": 8.402570666666664,
      "test_sleep_score_rmse": 10.597337894236734,
      "test_mean_r2": -0.003625391762461516
    },
    "ridge_regression": {
      "test_sleep_efficiency_r2": 0.8471610031376964,
      "test_sleep_efficiency_mae": 0.041555491402766584,
      "test_sleep_efficiency_rmse": 0.05090336162192114,
      "test_sleep_duration_h_r2": 0.7724689521883182,
      "test_sleep_duration_h_mae": 0.4387073641300021,
      "test_sleep_duration_h_rmse": 0.5426915494234094,
      "test_awakenings_r2": 0.6098322189670978,
      "test_awakenings_mae": 0.5977905635341615,
      "test_awakenings_rmse": 0.713821953458075,
      "test_sleep_score_r2": 0.6978480429979395,
      "test_sleep_score_mae": 4.668749066394692,
      "test_sleep_score_rmse": 5.82462567094456,
      "test_mean_r2": 0.7318275543227629
    }
  },
  "top10_features": [
    {
      "feature": "env_stress_score",
      "importance": 0.18174966470372997
    },
    {
      "feature": "temp_mean",
      "importance": 0.111739612636039
    },
    {
      "feature": "temp_min",
      "importance": 0.09229950482838006
    },
    {
      "feature": "temp_max",
      "importance": 0.07893126343461469
    },
    {
      "feature": "temp_in_optimal",
      "importance": 0.07169096752099308
    },
    {
      "feature": "light_n_events",
      "importance": 0.04794547268075208
    },
    {
      "feature": "light_frac_dark",
      "importance": 0.04424483809524327
    },
    {
      "feature": "light_max",
      "importance": 0.03938515994118357
    },
    {
      "feature": "light_std",
      "importance": 0.033575145286020236
    },
    {
      "feature": "noise_std",
      "importance": 0.03234583757273382
    }
  ]
}