{
  "val_metrics": {
    "val_sleep_efficiency_r2": 0.8846327288923362,
    "val_sleep_efficiency_mae": 0.03566860666666666,
    "val_sleep_efficiency_rmse": 0.044365281328496785,
    "val_sleep_duration_h_r2": 0.8226216795332619,
    "val_sleep_duration_h_mae": 0.34449999999999986,
    "val_sleep_duration_h_rmse": 0.4328917056886168,
    "val_awakenings_r2": 0.7170079268292683,
    "val_awakenings_mae": 0.6338666666666667,
    "val_awakenings_rmse": 0.7866443499659381,
    "val_sleep_score_r2": 0.8321411415517967,
    "val_sleep_score_mae": 3.6112819999999957,
    "val_sleep_score_rmse": 4.584741676572409,
    "val_mean_r2": 0.8141008692016658,
    "best_params": "{'n_estimators': 200, 'max_features': 'sqrt', 'min_samples_split': 2}"
  },
  "test_metrics": {
    "test_sleep_efficiency_r2": 0.869650458951711,
    "test_sleep_efficiency_mae": 0.0382506133333334,
    "test_sleep_efficiency_rmse": 0.04622907348837244,
    "test_sleep_duration_h_r2": 0.8070732832226156,
    "test_sleep_duration_h_mae": 0.36080813333333317,
    "test_sleep_duration_h_rmse": 0.44379940025045855,
    "test_awakenings_r2": 0.7499496176517445,
    "test_awakenings_mae": 0.6314666666666666,
    "test_awakenings_rmse": 0.7470394902546986,
    "test_sleep_score_r2": 0.7978888508415933,
    "test_sleep_score_mae": 3.911953333333337,
    "test_sleep_score_rmse": 4.871978116412272,
    "test_mean_r2": 0.8061405526669161
  },
  "cv_metrics": {
    "sleep_efficiency_cv_r2_mean": 0.8430795041824128,
    "sleep_efficiency_cv_r2_std": 0.029797910049231942,
    "sleep_duration_h_cv_r2_mean": 0.7660908040942246,
    "sleep_duration_h_cv_r2_std": 0.04719054658557902,
    "awakenings_cv_r2_mean": 0.7377324190969196,
    "awakenings_cv_r2_std": 0.03136397921839109,
    "sleep_score_cv_r2_mean": 0.7559427719286118,
    "sleep_score_cv_r2_std": 0.04396904499653335
  },
  "baselines": {
    "mean_baseline": {
      "test_sleep_efficiency_r2": -2.6822133489368127e-05,
      "test_sleep_efficiency_mae": 0.10670714285714285,
      "test_sleep_efficiency_rmse": 0.1280460720565674,
      "test_sleep_duration_h_r2": -1.8450086669119514e-05,
      "test_sleep_duration_h_mae": 0.8577042666666667,
      "test_sleep_duration_h_rmse": 1.0104027755966098,
      "test_awakenings_r2": -0.0031472203346847305,
      "test_awakenings_mae": 1.2458666666666667,
      "test_awakenings_rmse": 1.4962774670840304,
      "test_sleep_score_r2": -0.0008217045129905731,
      "test_sleep_score_mae": 9.286406857142856,
      "test_sleep_score_rmse": 10.84147944664882,
      "test_mean_r2": -0.0010035492669584478
    },
    "ridge_regression": {
      "test_sleep_efficiency_r2": 0.8572675146060094,
      "test_sleep_efficiency_mae": 0.04126929556428203,
      "test_sleep_efficiency_rmse": 0.04837509717310906,
      "test_sleep_duration_h_r2": 0.7992467006896857,
      "test_sleep_duration_h_mae": 0.36460323227727526,
      "test_sleep_duration_h_rmse": 0.4527118577150923,
      "test_awakenings_r2": 0.7775359188591134,
      "test_awakenings_mae": 0.5771802044842951,
      "test_awakenings_rmse": 0.7046277598395327,
      "test_sleep_score_r2": 0.7544829982588767,
      "test_sleep_score_mae": 4.525368428843519,
      "test_sleep_score_rmse": 5.369711824739836,
      "test_mean_r2": 0.7971332831034214
    }
  },
  "top10_features": [
    {
      "feature": "env_stress_score",
      "importance": 0.20877974442164868
    },
    {
      "feature": "light_frac_dark",
      "importance": 0.0774189262865896
    },
    {
      "feature": "light_n_events",
      "importance": 0.07627744990492508
    },
    {
      "feature": "light_mean",
      "importance": 0.059151749099642326
    },
    {
      "feature": "light_total_lux_min",
      "importance": 0.05668970035785901
    },
    {
      "feature": "temp_std",
      "importance": 0.0427044948116748
    },
    {
      "feature": "temp_in_optimal",
      "importance": 0.03982041753402733
    },
    {
      "feature": "noise_std",
      "importance": 0.03603138459707487
    },
    {
      "feature": "temp_mean",
      "importance": 0.035887751855042255
    },
    {
      "feature": "noise_n_events",
      "importance": 0.034719751214901604
    }
  ]
}