{"temperature":{"freqs_mhz":[0.03472,0.06944,0.10417,0.13889,0.17361,0.20833,0.24306,0.27778,0.3125,0.34722,0.38194,0.41667,0.45139,0.48611,0.52083,0.55556,0.59028,0.625,0.65972,0.69444,0.72917,0.76389,0.79861,0.83333,0.86806,0.90278,0.9375,0.97222,1.00694,1.04167,1.07639,1.11111,1.14583,1.18056,1.21528,1.25,1.28472,1.31944,1.35417,1.38889,1.42361,1.45833,1.49306,1.52778,1.5625,1.59722,1.63194,1.66667],"psd":[67.30139118,16.82995226,8.27052514,26.21343716,33.36518489,28.83240254,12.61670184,9.97470472,1.56403753,1.23975058,0.69723435,0.61721718,0.41740635,0.32063305,0.28190743,0.24885859,0.19912516,0.18360928,0.16674172,0.14888316,0.13359414,0.12309852,0.1145463,0.10758762,0.10054816,0.09472192,0.08907896,0.08432778,0.08034786,0.07657229,0.07335831,0.07041597,0.06789545,0.06555464,0.06350271,0.06166335,0.060065,0.05863301,0.05738905,0.05629505,0.05535704,0.05456418,0.05390245,0.05336955,0.05296013,0.05267033,0.05249746,0.02622],"hvac_band_mhz":{"low":0.13889,"high":0.27778,"mid":0.18519}},"light":{"freqs_mhz":[0.03472,0.06944,0.10417,0.13889,0.17361,0.20833,0.24306,0.27778,0.3125,0.34722,0.38194,0.41667,0.45139,0.48611,0.52083,0.55556,0.59028,0.625,0.65972,0.69444,0.72917,0.76389,0.79861,0.83333,0.86806,0.90278,0.9375,0.97222,1.00694,1.04167,1.07639,1.11111,1.14583,1.18056,1.21528,1.25,1.28472,1.31944,1.35417,1.38889,1.42361,1.45833,1.49306,1.52778,1.5625,1.59722,1.63194,1.66667],"psd":[729.02625672,540.9360774,527.40717208,583.10685898,521.1078818,440.57893452,515.92563099,441.10479349,477.4469212,420.69316463,553.31954836,371.87455423,316.96108048,416.36136145,432.24519531,448.24102361,376.14736545,296.65475738,365.34797581,271.86398031,218.44119274,218.06694139,123.74415655,196.36688974,250.00393022,205.32064698,172.80352269,191.88045911,159.72253599,189.44864425,142.50031347,221.45578762,232.88952866,229.29864108,164.38096433,232.43718349,217.76997572,196.8246018,164.59405923,212.12675043,198.68873319,174.50360998,182.99416516,182.90606629,202.55791581,178.66499186,207.66186498,71.94483313]},"humidity":{"freqs_mhz":[0.03472,0.06944,0.10417,0.13889,0.17361,0.20833,0.24306,0.27778,0.3125,0.34722,0.38194,0.41667,0.45139,0.48611,0.52083,0.55556,0.59028,0.625,0.65972,0.69444,0.72917,0.76389,0.79861,0.83333,0.86806,0.90278,0.9375,0.97222,1.00694,1.04167,1.07639,1.11111,1.14583,1.18056,1.21528,1.25,1.28472,1.31944,1.35417,1.38889,1.42361,1.45833,1.49306,1.52778,1.5625,1.59722,1.63194,1.66667],"psd":[430.55216429,164.76393227,113.85057591,140.65523295,123.33074664,123.07167111,62.20714106,43.90099719,21.17586728,12.66304565,8.19554228,9.14448478,5.4624668,3.32749317,2.97250143,2.48367622,2.46236599,1.35331762,1.41585949,1.26798897,1.07880337,0.90440655,0.87107027,0.78135122,0.5840859,0.52940604,0.53801074,0.51421059,0.44469072,0.4315927,0.40589148,0.38604727,0.38229744,0.37142981,0.34472617,0.33622494,0.32918252,0.31757284,0.32027963,0.30756744,0.30523871,0.29619184,0.29587008,0.2935722,0.29052198,0.28916682,0.28821527,0.14394172]},"noise":{"freqs_mhz":[0.03472,0.06944,0.10417,0.13889,0.17361,0.20833,0.24306,0.27778,0.3125,0.34722,0.38194,0.41667,0.45139,0.48611,0.52083,0.55556,0.59028,0.625,0.65972,0.69444,0.72917,0.76389,0.79861,0.83333,0.86806,0.90278,0.9375,0.97222,1.00694,1.04167,1.07639,1.11111,1.14583,1.18056,1.21528,1.25,1.28472,1.31944,1.35417,1.38889,1.42361,1.45833,1.49306,1.52778,1.5625,1.59722,1.63194,1.66667],"psd":[52.44747644,46.90866698,47.01914811,43.04054752,72.30249564,44.48602783,58.77774034,47.2039332,31.28448893,39.41133671,35.65325046,38.52482346,33.05191853,31.21965159,25.78994111,28.40852386,29.98932992,27.38794177,28.73520163,29.02244082,27.13901496,24.32866391,32.12716993,19.34093223,25.44636116,26.41805132,24.75621451,30.28625709,24.54788554,18.51119211,24.0556768,16.25644352,20.09356558,23.04971815,19.08894625,27.34608844,15.77752926,16.20154991,22.58534479,19.42482726,24.14546795,18.07588046,19.59489935,26.06836781,20.17207641,23.04905974,15.67892248,12.67379336]}}