{"temperature":{"freqs_mhz":[0.03472,0.06944,0.10417,0.13889,0.17361,0.20833,0.24306,0.27778,0.3125,0.34722,0.38194,0.41667,0.45139,0.48611,0.52083,0.55556,0.59028,0.625,0.65972,0.69444,0.72917,0.76389,0.79861,0.83333,0.86806,0.90278,0.9375,0.97222,1.00694,1.04167,1.07639,1.11111,1.14583,1.18056,1.21528,1.25,1.28472,1.31944,1.35417,1.38889,1.42361,1.45833,1.49306,1.52778,1.5625,1.59722,1.63194,1.66667],"psd":[357.17688084,345.31429875,300.37913611,347.08103757,324.46803118,274.06103554,257.80189843,205.72939264,175.96787543,112.65247693,62.86862412,29.86345128,14.02887915,6.57557527,3.35884885,2.99448527,3.3762399,4.35208938,5.41004574,6.47811801,7.35590477,7.86109502,8.18399304,8.23042051,8.03963793,7.68772811,7.1633814,6.54589636,5.87635913,5.19260448,4.53649601,3.93767561,3.41670834,2.99064823,2.66843877,2.45106331,2.33501606,2.31069614,2.3649125,2.48138098,2.64248743,2.82951566,3.02421237,3.20955644,3.37052691,3.49476652,3.57308835,1.79991624],"hvac_band_mhz":{"low":0.13889,"high":0.27778,"mid":0.18519}},"light":{"freqs_mhz":[0.03472,0.06944,0.10417,0.13889,0.17361,0.20833,0.24306,0.27778,0.3125,0.34722,0.38194,0.41667,0.45139,0.48611,0.52083,0.55556,0.59028,0.625,0.65972,0.69444,0.72917,0.76389,0.79861,0.83333,0.86806,0.90278,0.9375,0.97222,1.00694,1.04167,1.07639,1.11111,1.14583,1.18056,1.21528,1.25,1.28472,1.31944,1.35417,1.38889,1.42361,1.45833,1.49306,1.52778,1.5625,1.59722,1.63194,1.66667],"psd":[10223.94309516,9187.33533045,7913.2705224,6896.66475552,5902.2668138,6455.99935563,5417.93009665,5955.8772227,5850.66193486,5332.48846241,5123.38188414,3755.16905168,3265.51514672,3771.94886307,3739.08003275,3472.67029191,2646.87757123,3690.35691067,3470.0206466,3279.24298104,4198.23851111,2378.82266031,1905.53953233,2159.0364527,2670.87203209,2415.28839899,2740.84554327,2991.59716546,2045.97878631,4121.66449939,2998.23695937,2811.377156,2879.91519933,2979.29464051,3202.39809402,3373.51790534,2738.25279362,1889.1946154,2224.08152651,2504.75892223,2309.32443739,1439.16366794,1511.70882341,1621.01050241,2172.93340558,2450.32017751,1947.27390078,1095.6554617]},"humidity":{"freqs_mhz":[0.03472,0.06944,0.10417,0.13889,0.17361,0.20833,0.24306,0.27778,0.3125,0.34722,0.38194,0.41667,0.45139,0.48611,0.52083,0.55556,0.59028,0.625,0.65972,0.69444,0.72917,0.76389,0.79861,0.83333,0.86806,0.90278,0.9375,0.97222,1.00694,1.04167,1.07639,1.11111,1.14583,1.18056,1.21528,1.25,1.28472,1.31944,1.35417,1.38889,1.42361,1.45833,1.49306,1.52778,1.5625,1.59722,1.63194,1.66667],"psd":[1479.59855654,1755.48497016,2404.83778644,3145.82317108,2951.32514249,2201.3068457,1737.44911129,1327.77304628,978.15245772,688.76583314,465.24176204,320.61836246,229.09707969,166.93189376,125.21109737,96.66274791,76.40423989,62.26427713,51.7760684,44.68602366,39.53563837,36.27942063,33.69474832,32.57743627,31.74551815,31.43077305,31.23409144,31.26716366,31.35072725,31.34707998,31.3906877,31.2677301,31.09861422,30.75910531,30.305004,29.76269612,29.126401,28.4370972,27.69513822,26.93732633,26.20137206,25.48814199,24.84519051,24.28111031,23.82166906,23.48191098,23.27380008,11.60173659]},"noise":{"freqs_mhz":[0.03472,0.06944,0.10417,0.13889,0.17361,0.20833,0.24306,0.27778,0.3125,0.34722,0.38194,0.41667,0.45139,0.48611,0.52083,0.55556,0.59028,0.625,0.65972,0.69444,0.72917,0.76389,0.79861,0.83333,0.86806,0.90278,0.9375,0.97222,1.00694,1.04167,1.07639,1.11111,1.14583,1.18056,1.21528,1.25,1.28472,1.31944,1.35417,1.38889,1.42361,1.45833,1.49306,1.52778,1.5625,1.59722,1.63194,1.66667],"psd":[178.09115319,224.20564608,189.01237353,160.9461799,169.76805464,158.74079705,147.99584393,117.65441201,152.7011071,127.65977305,142.10403247,133.7203282,89.91839903,123.7249832,103.25305299,93.68444541,80.86038155,78.75553093,57.59434625,97.3692588,75.08452025,65.89129586,72.09566106,72.67571121,66.15645383,63.09321044,65.16741492,58.61320519,67.54598441,57.740541,55.46024863,45.65514366,41.39182954,42.44695133,48.75378613,56.40914054,44.37497234,34.41457361,37.28686028,46.17134145,41.52033095,57.87593052,56.48018184,42.03588147,44.6982661,42.89457103,47.97917863,19.64388965]}}