{"temperature":{"freqs_mhz":[0.03472,0.06944,0.10417,0.13889,0.17361,0.20833,0.24306,0.27778,0.3125,0.34722,0.38194,0.41667,0.45139,0.48611,0.52083,0.55556,0.59028,0.625,0.65972,0.69444,0.72917,0.76389,0.79861,0.83333,0.86806,0.90278,0.9375,0.97222,1.00694,1.04167,1.07639,1.11111,1.14583,1.18056,1.21528,1.25,1.28472,1.31944,1.35417,1.38889,1.42361,1.45833,1.49306,1.52778,1.5625,1.59722,1.63194,1.66667],"psd":[77.92907335,21.74949818,9.5123399,20.25122211,47.03087705,26.97167848,12.78560751,10.01896048,2.17801779,1.51353618,1.06821137,0.84694273,0.71810659,0.58046657,0.47630674,0.3960494,0.36036756,0.31214326,0.28530251,0.25859394,0.23901784,0.21702774,0.20285522,0.18979553,0.17745587,0.1662798,0.15706647,0.14914401,0.14179512,0.13507343,0.12960549,0.12439207,0.11975887,0.11575648,0.11215081,0.10892791,0.10609735,0.10358917,0.101389,0.0994724,0.09782131,0.0964199,0.09525638,0.09431785,0.09359625,0.09308554,0.09278091,0.04633983],"hvac_band_mhz":{"low":0.13889,"high":0.27778,"mid":0.18519}},"light":{"freqs_mhz":[0.03472,0.06944,0.10417,0.13889,0.17361,0.20833,0.24306,0.27778,0.3125,0.34722,0.38194,0.41667,0.45139,0.48611,0.52083,0.55556,0.59028,0.625,0.65972,0.69444,0.72917,0.76389,0.79861,0.83333,0.86806,0.90278,0.9375,0.97222,1.00694,1.04167,1.07639,1.11111,1.14583,1.18056,1.21528,1.25,1.28472,1.31944,1.35417,1.38889,1.42361,1.45833,1.49306,1.52778,1.5625,1.59722,1.63194,1.66667],"psd":[537.18710252,470.27884211,803.45090418,466.97018719,479.20840366,559.27921598,714.55500793,316.25066238,690.87548008,659.31970753,380.44522707,453.48936261,344.61698922,286.08581572,469.87055529,329.9344995,371.24931235,358.95573064,261.52005367,310.3109201,228.44275035,233.9456869,181.49857636,277.50168272,265.80289005,167.06096807,169.22027928,151.22308331,208.82457139,207.24994678,166.72392948,209.192245,213.51608462,272.10289331,204.04129277,254.7020496,221.03650892,208.77846926,206.68732173,193.54348962,268.187503,152.6783071,150.96461577,169.72245422,200.19554623,149.71518911,144.48734812,110.17668388]},"humidity":{"freqs_mhz":[0.03472,0.06944,0.10417,0.13889,0.17361,0.20833,0.24306,0.27778,0.3125,0.34722,0.38194,0.41667,0.45139,0.48611,0.52083,0.55556,0.59028,0.625,0.65972,0.69444,0.72917,0.76389,0.79861,0.83333,0.86806,0.90278,0.9375,0.97222,1.00694,1.04167,1.07639,1.11111,1.14583,1.18056,1.21528,1.25,1.28472,1.31944,1.35417,1.38889,1.42361,1.45833,1.49306,1.52778,1.5625,1.59722,1.63194,1.66667],"psd":[417.99606446,199.75705599,110.16439277,129.26161664,197.49107064,99.02962048,61.49269443,36.16654329,17.33558297,11.52775983,11.96928407,8.39750507,4.88877271,3.74272355,3.42271625,2.79874048,1.99110249,2.03051441,1.39103834,1.45695689,1.10516595,0.92998559,0.95218622,0.77125057,0.76021797,0.66242838,0.59671354,0.63397694,0.57873926,0.52324627,0.51359728,0.48205893,0.45668258,0.45248223,0.43264648,0.42094809,0.40782191,0.39543858,0.38969434,0.38360572,0.37542726,0.37021049,0.36763375,0.36360924,0.36027154,0.35869092,0.35750736,0.17854662]},"noise":{"freqs_mhz":[0.03472,0.06944,0.10417,0.13889,0.17361,0.20833,0.24306,0.27778,0.3125,0.34722,0.38194,0.41667,0.45139,0.48611,0.52083,0.55556,0.59028,0.625,0.65972,0.69444,0.72917,0.76389,0.79861,0.83333,0.86806,0.90278,0.9375,0.97222,1.00694,1.04167,1.07639,1.11111,1.14583,1.18056,1.21528,1.25,1.28472,1.31944,1.35417,1.38889,1.42361,1.45833,1.49306,1.52778,1.5625,1.59722,1.63194,1.66667],"psd":[57.27588937,46.95743439,58.56335068,65.94584966,39.66003809,56.48831428,44.74010654,41.42894021,51.39919441,36.72949183,46.4703357,37.7384292,39.40398617,26.68520522,36.52951963,27.70878028,26.24761971,27.93909402,33.14684382,28.0023099,29.2516998,30.97291758,23.83374162,35.93519249,21.17099175,22.41800995,24.76732083,26.31838028,24.16604312,25.48755547,23.57071822,24.54202187,25.8888979,23.5909131,20.28129634,16.12217482,21.29783663,18.24687788,20.14918107,20.11744232,26.6773452,22.14039856,20.39451205,19.61524968,17.53162252,21.57548571,25.75501213,10.399328]}}